Etapa/Ano,Eixo,Código,Objeto de Conhecimento,Habilidade (BNCC),Explicação Pedagógica,Atividade Proposta
Educação Infantil,Pensamento Computacional,EI03CO01,Reconhecimento de padrões,"Reconhecer padrão de repetição em sequências de sons, movimentos e desenhos.","O reconhecimento de padrões é a base do pensamento computacional. Na Educação Infantil essa habilidade é desenvolvida de forma lúdica, permitindo que a criança perceba regularidades no mundo ao redor — pré-requisito para compreender sequências e algoritmos.",JOGO DA SEQUÊNCIA: A professora bate palmas em um ritmo (ex.: palma-palma-pé) e pede às crianças que repitam e continuem. Depois registram o padrão com desenhos ou blocos coloridos.
Educação Infantil,Pensamento Computacional,EI03CO02,Expressão de etapas de uma tarefa,Expressar as etapas para a realização de uma tarefa de forma clara e ordenada.,"Expressar etapas em ordem corresponde à construção de algoritmos de forma desplugada. Ao narrar passos (ex.: 'primeiro lavo as mãos, depois pego o prato…'), a criança desenvolve lógica sequencial e linguagem estruturada.","RECEITA DA TURMA: As crianças escolhem uma tarefa simples (escovar os dentes) e, em grupo, desenham cada passo em cartões sequenciais, depois apresentam a 'receita' para os colegas."
Educação Infantil,Pensamento Computacional,EI03CO03,Execução de algoritmos com objetos,Experienciar a execução de algoritmos brincando com objetos (des)plugados.,"Executar algoritmos corporalmente ou com brinquedos ancora a abstração computacional na experiência concreta, respeitando o desenvolvimento cognitivo da infância. A criança 'vira' o computador ao seguir instruções passo a passo.","ROBÔ HUMANO: Uma criança faz o papel de robô e só pode se mover conforme as instruções dadas pela turma ('ande 2 passos, vire à direita'). Depois trocam de papel."
Educação Infantil,Pensamento Computacional,EI03CO04,Criação de algoritmos para resolver problemas,Criar e representar algoritmos para resolver problemas.,"Criar soluções algorítmicas estimula a autonomia e o pensamento crítico. Mesmo sem tecnologia, a criança aprende que todo problema pode ser decomposto em ações menores e organizadas.","MONTAGEM DE LABIRINTO: Com fita adesiva no chão, crianças criam labirintos simples e escrevem (em desenho) as instruções para um colega 'robô' atravessá-lo sem errar."
Educação Infantil,Pensamento Computacional,EI03CO05,Comparação de soluções algorítmicas,Comparar soluções algorítmicas para resolver um mesmo problema.,Comparar soluções desenvolve flexibilidade cognitiva e mostra que há múltiplos caminhos para um mesmo objetivo — habilidade essencial no design de software e na vida cotidiana.,DESAFIO DOS CAMINHOS: Diferentes grupos recebem o mesmo labirinto e criam soluções distintas. Depois comparam: qual usou menos passos? Qual foi mais fácil de entender? Debate coletivo.
Educação Infantil,Pensamento Computacional,EI03CO06,Decisões em dois estados,Compreender decisões em dois estados (verdadeiro ou falso).,"A lógica booleana (verdadeiro/falso) é o fundamento dos circuitos digitais e da programação. Introduzida de forma lúdica, prepara a criança para compreender condicionais e tomadas de decisão computacional.",JOGO 'É OU NÃO É?': A professora mostra objetos e faz afirmações ('este círculo é azul'). As crianças erguem cartão verde (verdadeiro) ou vermelho (falso).
Educação Infantil,Mundo Digital,EI03CO07,Reconhecimento de dispositivos eletrônicos,"Reconhecer dispositivos eletrônicos (e não eletrônicos), identificando quando estão ligados ou desligados.",Distinguir dispositivos eletrônicos de objetos comuns e entender estados (ligado/desligado) é o primeiro letramento digital — base para compreender interfaces e interação com máquinas.,"CAÇA AOS DISPOSITIVOS: Passeio pela escola para identificar e fotografar dispositivos eletrônicos. Em sala, classificam em 'ligado agora' / 'desligado agora' / 'não é eletrônico' em painel coletivo."
Educação Infantil,Mundo Digital,EI03CO08,Interfaces para comunicação,Compreender o conceito de interfaces para comunicação com objetos (des)plugados.,"Interface é o meio de interação entre ser humano e máquina. Compreender que botões, telas e controles são formas de 'falar' com um dispositivo constrói intuição para uso responsável da tecnologia.","PAINEL DE BOTÕES: As crianças exploram controles remotos antigos, calculadoras e teclados desativados. Identificam botões e imaginam 'o que aconteceria se apertasse este?' Registro em desenho."
Educação Infantil,Mundo Digital,EI03CO09,Identificação de dispositivos computacionais,Identificar dispositivos computacionais e as diferentes formas de interação.,"Reconhecer a diversidade de dispositivos (tablet, computador, smartwatch, etc.) amplia o repertório digital e mostra que computação vai além do computador pessoal.","ÁLBUM DE TECNOLOGIAS: Cada criança recorta de revistas ou imprime imagens de dispositivos, cria um 'álbum da turma' e apresenta o dispositivo que conhece ou usa em casa."
Educação Infantil,Cultura Digital,EI03CO10,Uso seguro e consciente de tecnologia,"Utilizar tecnologia digital de maneira segura, consciente e respeitosa.","Desde a infância é fundamental construir hábitos de uso ético e seguro da tecnologia. Esta habilidade conecta computação à formação cidadã, prevenindo riscos digitais desde cedo.",COMBINADOS DIGITAIS: Roda de conversa sobre 'o que pode e o que não pode' ao usar tablet ou celular. As crianças constroem coletivamente um cartaz de combinados da turma com desenhos.
Educação Infantil,Cultura Digital,EI03CO11,Hábitos saudáveis com artefatos computacionais,"Adotar hábitos saudáveis de uso de artefatos computacionais, seguindo recomendações de saúde.","A saúde digital (postura, tempo de tela, pausas) precisa ser ensinada desde a infância. Conectar computação ao cuidado com o corpo promove autonomia e responsabilidade no uso de tecnologias.","O RELÓGIO DO DESCANSO: Durante atividade com tablet a professora usa um timer visual. Ao soar, todas as crianças fazem uma pausa, alongam-se e conversam sobre como os olhos e o corpo estão se sentindo."
1º Ano,Pensamento Computacional,EF01CO01,Organização de objetos,"Organizar objetos físicos ou digitais considerando diferentes características, explicitando semelhanças (padrões) e diferenças.","Organizar e classificar objetos segundo atributos é a base da abstração computacional. Ao agrupar por cor, forma ou tamanho, a criança inicia o raciocínio lógico-classificatório necessário para estruturas de dados.","ESTAÇÃO DE CLASSIFICAÇÃO: Cada grupo recebe botões, tampinhas ou blocos. Classificam segundo critérios próprios e compartilham com a turma, percebendo que há múltiplas formas válidas de organização."
1º Ano,Pensamento Computacional,EF01CO02,Conceituação de Algoritmos — sequências,Identificar e seguir sequências de passos aplicados no dia a dia para resolver problemas.,"Sequências de passos ordenados são algoritmos cotidianos. Ao identificá-los em atividades como escovar os dentes ou fazer um suco, a criança compreende que computadores executam instruções precisamente na ordem recebida.","LIVRO DAS RECEITAS: Cada criança desenha os passos de uma atividade diária (tomar banho, fazer lanche). A turma compila as 'receitas' em um livrinho e percebe que a ordem importa."
1º Ano,Pensamento Computacional,EF01CO03,Conceituação de Algoritmos — reorganização,"Reorganizar e criar sequências de passos em meios físicos ou digitais, relacionando essas sequências à palavra 'Algoritmos'.",Reorganizar sequências introduz o conceito de depuração (debugging): identificar erros na ordem e corrigi-los. Associar a atividade à palavra 'algoritmo' inicia o vocabulário técnico de forma contextualizada.,"SEQUÊNCIA EMBARALHADA: A professora apresenta cartões com passos fora de ordem. Em duplas, as crianças reorganizam e justificam sua escolha. Depois comparam com outras duplas."
1º Ano,Mundo Digital,EF01CO04,Codificação da informação — conceito,"Reconhecer o que é a informação, que ela pode ser armazenada, transmitida como mensagem por diversos meios e descrita em várias linguagens.",Compreender que informação pode ser representada de múltiplas formas prepara para entender dados digitais. É o primeiro passo para o letramento informacional e para compreender como computadores processam dados.,"A MENSAGEM VIAJANTE: A turma brinca de 'telefone sem fio' oral, depois escrito, depois em desenho. Ao final, comparam as versões e discutem como a informação muda conforme o meio."
1º Ano,Mundo Digital,EF01CO05,Codificação da informação — representação,Representar informação usando diferentes codificações.,"Representar informação em diferentes formatos (braille, morse, emoji) antecipa a compreensão de que computadores codificam tudo em bits. Desenvolve flexibilidade de pensamento e comunicação.","CÓDIGO SECRETO DA TURMA: As crianças criam um código com desenhos simples para representar letras (☀=A, ★=B). Trocam mensagens codificadas com colegas e decodificam juntos."
1º Ano,Cultura Digital,EF01CO06,Uso de artefatos computacionais,Reconhecer e explorar artefatos computacionais voltados a atender necessidades pessoais ou coletivas.,"Identificar para que servem diferentes tecnologias e como elas atendem necessidades humanas conecta computação à realidade social das crianças, promovendo uso crítico e intencional.",FEIRA DE TECNOLOGIAS: Cada criança traz (ou desenha) uma tecnologia que usa em casa e explica para que serve. Constroem painel coletivo: 'Tecnologias que usamos e para quê'.
1º Ano,Cultura Digital,EF01CO07,Segurança e responsabilidade,Conhecer as possibilidades de uso seguro das tecnologias computacionais para proteção dos dados pessoais e para garantir a própria segurança.,Proteção de dados pessoais e segurança online são direitos fundamentais. Iniciar esse aprendizado no 1º ano forma hábitos que protegerão a criança ao longo de toda a sua vida digital.,"O QUE POSSO COMPARTILHAR?: Roda de conversa com cartões mostrando informações (nome completo, endereço, cor favorita). As crianças classificam em 'posso compartilhar' / 'guardo para mim' e discutem o porquê."
2º Ano,Pensamento Computacional,EF02CO01,Modelagem de objetos,"Criar e comparar modelos (representações) de objetos, identificando padrões e atributos essenciais.",Modelar objetos é criar abstrações — simplificações que capturam apenas os atributos relevantes. Esta habilidade é central na programação orientada a objetos e no design de sistemas.,FICHA DO ANIMAL: Cada criança escolhe um animal e cria uma 'ficha técnica' com atributos (tem penas? quantas patas? o que come?). Comparam fichas e percebem quais atributos diferenciam os animais.
2º Ano,Pensamento Computacional,EF02CO02,Algoritmos com repetições simples,Criar e simular algoritmos com sequências com repetições simples (iterações definidas).,"Repetição (laço/loop) é uma das estruturas fundamentais da programação. Ao criar sequências que se repetem, a criança entende que computadores são eficientes porque executam tarefas repetidas sem cansar.","DANÇA DO ROBÔ: A turma cria uma coreografia com movimentos que se repetem ('gire 2 vezes, bata palma, repita 3 vezes'). Registram em cartões com desenhos e ensinam a outro grupo."
2º Ano,Mundo Digital,EF02CO03,Instrução de máquina,Identificar que máquinas diferentes executam conjuntos próprios de instruções e que podem ser usadas para definir algoritmos.,Diferentes máquinas executam diferentes conjuntos de instruções — esse conceito introduz a ideia de programação específica por plataforma e a relação entre hardware e software.,"CADA MÁQUINA TEM SEU JEITO: A turma lista máquinas conhecidas (liquidificador, calculadora, caixa eletrônico). Para cada uma, listam 'que instruções ela entende'. Comparam as listas e percebem as diferenças."
2º Ano,Mundo Digital,EF02CO04,Hardware e software,Diferenciar componentes físicos (hardware) e programas que fornecem as instruções (software) para o hardware.,"A distinção hardware/software é estruturante: o hardware é o corpo, o software é a mente. Esta compreensão evita confusões comuns e aprofunda o letramento digital.","CORPO E MENTE DO COMPUTADOR: Usando um computador real ou imagens, crianças colam etiquetas em componentes físicos (hardware) e apontam os programas (software). Criam analogia com o próprio corpo."
2º Ano,Cultura Digital,EF02CO05,Uso de artefatos computacionais no cotidiano,Reconhecer as características e usos das tecnologias computacionais no cotidiano dentro e fora da escola.,Perceber a presença ubíqua da computação no cotidiano amplia o repertório digital e desenvolve senso crítico sobre dependência tecnológica e oportunidades de uso criativo.,"DIÁRIO TECNOLÓGICO: Por uma semana, as crianças registram (com desenhos) toda tecnologia que usam ou veem. Na sexta-feira, partilham descobertas e montam mapa coletivo."
2º Ano,Cultura Digital,EF02CO06,Segurança com dispositivos,Reconhecer os cuidados com a segurança no uso de dispositivos computacionais.,"Cuidar dos dispositivos (não deixar cair, não usar com mãos molhadas, não compartilhar senhas) é parte do letramento digital responsável e forma hábitos que protegem tanto o equipamento quanto o usuário.","MANUAL DE CUIDADOS: Em grupos, crianças criam um 'manual ilustrado' de cuidados com o tablet/computador da escola. Apresentam para outra turma e afixam na sala de informática."
3º Ano,Pensamento Computacional,EF03CO01,Lógica computacional — verdadeiro/falso,"Associar os valores 'verdadeiro' e 'falso' a sentenças lógicas que dizem respeito a situações do dia a dia, fazendo uso de termos que indicam negação.",A lógica booleana com negação (NÃO verdadeiro = falso) é a base dos circuitos eletrônicos e das estruturas condicionais em programação. Trabalhá-la no cotidiano torna a abstração acessível.,VERDADE OU MENTIRA COM NEGAÇÃO: A professora faz afirmações ('não é verdade que o céu é verde'). Crianças identificam se a afirmação negada é verdadeira ou falsa e justificam com seus próprios exemplos.
3º Ano,Pensamento Computacional,EF03CO02,Algoritmos com condicionais,Criar e simular algoritmos com sequências e repetições com condição (iterações indefinidas).,"Condicional (se…então…senão) é uma das estruturas mais poderosas da programação. Combinada com repetição, permite criar soluções para problemas complexos. Trabalhá-la no 3º ano prepara para a programação formal.","SEMÁFORO ROBÔ: Crianças programam um 'robô colega' com instruções como 'SE a luz for vermelha, ENTÃO pare; SENÃO continue'. Simulam no corredor e depois registram as instruções em cartões."
3º Ano,Pensamento Computacional,EF03CO03,Decomposição,"Aplicar a estratégia de decomposição para resolver problemas complexos, dividindo o problema em partes menores.",Decompor problemas — dividi-los em partes menores e gerenciáveis — é uma das quatro habilidades centrais do pensamento computacional. É a mesma estratégia usada por engenheiros de software ao planejar sistemas.,"O GRANDE DESAFIO DECOMPOSTO: A turma recebe um problema real da escola (organizar a biblioteca). Em grupos, listam tudo que precisa ser feito e dividem em subtarefas. Depois executam e avaliam."
3º Ano,Mundo Digital,EF03CO04,Codificação da informação — dado,Relacionar o conceito de informação com o de dado.,"Dado é a matéria-prima da informação: números e fatos brutos que, quando contextualizados, ganham significado. Esta distinção é fundamental para compreender bancos de dados e análise de dados.",DADOS VIRAM INFORMAÇÃO: A turma coleta dados simples (quantos irmãos cada um tem). Organizam em tabela. Discutem: 'o número 2 sozinho é um dado; saber que 10 alunos têm 2 irmãos é uma informação'.
3º Ano,Mundo Digital,EF03CO05,Codificação da informação — formatos,Compreender que dados são estruturados em formatos específicos dependendo da informação armazenada.,"Formatos de dados (texto, número, imagem, áudio) determinam como a informação é armazenada e processada. Compreender isso prepara para trabalhar com diferentes tipos de arquivos e mídias digitais.","MUSEU DE FORMATOS: Cada grupo recebe um tipo de informação (música, receita, mapa, foto) e discute 'como o computador guardaria isso?'. Apresentam e identificam os formatos correspondentes."
3º Ano,Mundo Digital,EF03CO06,Interface física,"Reconhecer que, para um computador realizar tarefas, ele se comunica com o mundo exterior com o uso de interfaces físicas (dispositivos de entrada e saída).","Interfaces físicas (teclado, mouse, microfone, câmera, impressora) são as portas de entrada e saída dos computadores. Compreendê-las contextualiza a interação humano-computador.","MAPA DE ENTRADAS E SAÍDAS: As crianças mapeiam em um computador real todas as interfaces físicas, classificando em 'entrada' (teclado, microfone) e 'saída' (monitor, caixa de som). Criam diagrama visual."
3º Ano,Cultura Digital,EF03CO07,Uso de tecnologias para pesquisar,Utilizar diferentes navegadores e ferramentas de busca para pesquisar e acessar informações.,"Saber pesquisar de forma eficiente é uma competência essencial no século XXI. Usar palavras-chave precisas, avaliar fontes e comparar resultados são habilidades de letramento informacional.","CAÇADA DE INFORMAÇÕES: A turma recebe perguntas sobre um tema (animais em extinção). Em duplas, pesquisam usando dois navegadores diferentes e comparam os resultados. Registram o que aprenderam."
3º Ano,Cultura Digital,EF03CO08,Ferramentas computacionais para expressão,Usar ferramentas computacionais em situações didáticas para se expressar em diferentes formatos digitais.,"Produzir conteúdo digital (texto, apresentação, desenho) desenvolve comunicação, criatividade e autoria. O estudante passa de consumidor a produtor de conteúdo.","NOTÍCIA DIGITAL: Cada grupo cria uma pequena notícia sobre um evento da escola usando editor de texto ou apresentação. Inclui título, texto e imagem. Publicam no mural digital da escola."
3º Ano,Cultura Digital,EF03CO09,Segurança — compartilhamento de dados,Reconhecer o potencial impacto do compartilhamento de informações pessoais ou de seus pares em meio digital.,A privacidade online é um direito e uma responsabilidade. Compreender que informações compartilhadas podem ter consequências imprevisíveis forma cidadãos digitais mais conscientes e seguros.,O QUE ACONTECE COM MINHA FOTO?: Análise de situações fictícias ('Pedro postou a foto de Ana sem pedir'). A turma discute consequências e cria lista de combinados sobre compartilhamento responsável.
4º Ano,Pensamento Computacional,EF04CO01,Matrizes e registros — matrizes,"Reconhecer objetos do mundo real e/ou digital que podem ser representados através de matrizes, fazendo manipulações simples.","Matrizes são estruturas bidimensionais (linhas × colunas) usadas em imagens digitais, planilhas e jogos. Reconhecê-las conecta matemática, computação e cotidiano.","PIXEL ART DESPLUGADA: Cada criança recebe uma grade quadriculada e cria uma imagem colorindo células. Discutem: 'sua imagem é uma matriz! Cada célula tem uma posição (linha, coluna) e uma cor'."
4º Ano,Pensamento Computacional,EF04CO02,Matrizes e registros — registros,"Reconhecer objetos do mundo real e/ou digital que podem ser representados através de registros, fazendo manipulações simples.",Registros organizam dados por nome/atributo — como uma ficha cadastral. Compreender esta estrutura prepara para bancos de dados e programação orientada a objetos.,"FICHA DO HERÓI: Cada criança cria uma 'ficha de personagem' (nome, poder, fraqueza, pontos de vida). Comparam fichas e discutem quais campos (atributos) são comuns a todos."
4º Ano,Pensamento Computacional,EF04CO03,Algoritmos com repetições aninhadas,Criar e simular algoritmos com sequências e repetições simples e aninhadas (iterações definidas e indefinidas).,Repetições aninhadas (loops dentro de loops) aparecem em situações como percorrer uma matriz ou criar padrões. Trabalhá-las corporalmente ou com blocos desenvolve intuição que facilita a programação futura.,"TABELA DE MULTIPLICAÇÃO CORPORAL: A turma cria uma 'tabuada viva'. O loop externo representa dezenas, o interno as unidades. Cada combinação resulta numa ação (pular, bater palma, girar)."
4º Ano,Mundo Digital,EF04CO04,Codificação — formatos digitais,"Entender que para guardar, manipular e transmitir dados deve-se codificá-los de alguma forma que seja compreendida pela máquina (formato digital).","Toda informação digital é codificada em bits (0 e 1). Compreender que texto, som, imagem e vídeo são todos sequências de bits rompe a 'caixa preta' do computador e desmistifica a tecnologia.","TRADUZINDO PARA BINÁRIO: Usando o alfabeto A=1, B=2… as crianças convertem seu nome para números e depois para binário simples (com cartas preto/branco). Percebem que tudo pode ser representado por 0 e 1."
4º Ano,Mundo Digital,EF04CO05,Codificação — binária/ASCII/RGB,"Codificar diferentes informações para representação em computador (binária, ASCII, atributos de pixel como RGB etc.).","Sistemas de codificação como ASCII e RGB mostram como computadores representam texto e cor. Fundamental para áreas como design gráfico, programação e segurança da informação.","MISTURANDO CORES EM RGB: Com paleta digital ou tinta, as crianças exploram misturas de vermelho, verde e azul. Cada mistura recebe um código RGB. Criam uma paleta da turma com os códigos descobertos."
4º Ano,Cultura Digital,EF04CO06,Ferramentas para criação de conteúdo,"Usar diferentes ferramentas computacionais para criação de conteúdo (textos, apresentações, vídeos etc.).",Produzir conteúdo com ferramentas diversas desenvolve multiletramento digital. O estudante aprende que escolher a ferramenta certa faz parte da competência digital.,"CAMPANHA DA TURMA: Escolhem uma causa (cuidar das plantas, reciclar). Um grupo faz cartaz digital, outro uma apresentação, outro um vídeo curto. Discutem qual formato comunicou melhor."
4º Ano,Cultura Digital,EF04CO07,Postura ética com dados,"Demonstrar postura ética nas atividades de coleta, transferência, guarda e uso de dados.","Ética no tratamento de dados é um dos pilares da cidadania digital. Desde o 4º ano é fundamental discutir responsabilidade, consentimento e impacto do uso indevido de informações.","O CASO DOS DADOS: Análise de dilemas fictícios ('João encontrou a lista de notas da turma no chão — o que deve fazer?'). Debate em grupos sobre responsabilidade, privacidade e ações éticas."
4º Ano,Cultura Digital,EF04CO08,Confiabilidade de fontes,Reconhecer a importância de verificar a confiabilidade das fontes de informações obtidas na Internet.,Verificar fontes é competência essencial no combate à desinformação. Ensinar critérios de credibilidade desde o 4º ano forma leitores críticos e cidadãos mais resistentes a notícias falsas.,"DETECTOR DE FAKE NEWS: A professora apresenta manchetes reais e fictícias. Em grupos, as crianças usam critérios (autor, data, fonte, evidências) para classificar e justificam suas decisões."
5º Ano,Pensamento Computacional,EF05CO01,Listas e grafos — listas,Reconhecer objetos do mundo real e/ou digital que podem ser representados através de listas.,Listas são estruturas sequenciais amplamente usadas em programação. Reconhecê-las no cotidiano facilita a compreensão de arrays e listas encadeadas.,PLAYLIST DA TURMA: Cada criança cria uma lista de suas 5 músicas favoritas. Analisam as listas: como adicionar uma música? Como remover? Como reordenar? Introdução intuitiva a operações com listas.
5º Ano,Pensamento Computacional,EF05CO02,Listas e grafos — grafos,Reconhecer objetos do mundo real e/ou digital que podem ser representados através de grafos.,"Grafos modelam conexões (redes sociais, mapas, internet). Reconhecê-los no cotidiano prepara para compreender roteamento, algoritmos de busca e estruturas de redes.",MAPA DE AMIZADES: A turma cria um grafo coletivo onde cada aluno é um nó e as linhas representam amizades. Analisam: quem tem mais conexões? Existem grupos separados? Ligam ao funcionamento de redes sociais.
5º Ano,Pensamento Computacional,EF05CO03,Lógica computacional — operações,"Realizar operações de negação, conjunção e disjunção sobre sentenças lógicas com valores 'verdadeiro' e 'falso'.","As operações lógicas NÃO, E, OU são os blocos básicos de toda computação — desde circuitos eletrônicos até consultas em bancos de dados.","JOGO DAS PORTAS LÓGICAS: Com cartões de 0 e 1, duplas simulam portas AND, OR e NOT. Recebem entradas e devem calcular a saída. Depois montam circuitos simples combinando as operações."
5º Ano,Pensamento Computacional,EF05CO04,Algoritmos com seleção condicional,"Criar e simular algoritmos com sequências, repetições e seleções condicionais para resolver problemas.","A combinação de sequência, repetição e seleção condicional forma o conjunto completo de estruturas de controle da programação estruturada.","PROGRAMAÇÃO EM BLOCOS: Usando Scratch, crianças programam um personagem que reage ao ambiente (SE tocar na parede, mude de direção; REPITA até chegar ao destino). Apresentam os projetos."
5º Ano,Mundo Digital,EF05CO05,Arquitetura de computadores,"Identificar os componentes principais de um computador (dispositivos de entrada/saída, processadores e armazenamento).",Conhecer a arquitetura básica do computador desmistifica a tecnologia e permite tomar decisões mais informadas sobre hardware.,"DESMONTAGEM VIRTUAL: Usando vídeo ou imagens de computador aberto, cada grupo é responsável por um componente. Pesquisam, apresentam a função e criam cartaz para compor um 'computador gigante' na parede."
5º Ano,Mundo Digital,EF05CO06,Armazenamento de dados,Reconhecer que os dados podem ser armazenados em um dispositivo local ou remoto.,"A distinção entre armazenamento local e em nuvem é cada vez mais relevante. Compreender onde os dados ficam ajuda a tomar decisões sobre privacidade, acessibilidade e segurança.","ONDE FICAM MEUS DADOS?: Análise de situações (foto no celular, e-mail, documento no Google Drive). Para cada uma, crianças identificam se o dado está local ou na nuvem e discutem vantagens e riscos."
5º Ano,Mundo Digital,EF05CO07,Sistema operacional,Reconhecer a necessidade de um sistema operacional para a execução de programas e gerenciamento do hardware.,"O sistema operacional é o intermediário entre usuário, programas e hardware. Compreendê-lo ajuda a entender por que computadores precisam ser reiniciados e como programas são instalados.","SIMULAÇÃO DO SO: A turma cria uma 'empresa' onde o SO é o gerente. Cada aluno é um programa pedindo recursos (papel, caneta, espaço). O 'gerente' distribui recursos e prioriza pedidos."
5º Ano,Cultura Digital,EF05CO08,Acesso crítico à internet,Acessar as informações na Internet de forma crítica para distinguir os conteúdos confiáveis de não confiáveis.,A habilidade de avaliar criticamente informações online é uma das competências mais urgentes da educação contemporânea. Vai além da tecnologia — é formação para a democracia.,"TRIBUNAL DE FONTES: A turma recebe um conjunto de sites sobre um tema controverso. Em grupos de 'advogados' e 'juízes', analisam credibilidade e emitem veredicto."
5º Ano,Cultura Digital,EF05CO09,Direitos autorais em mídias digitais,Usar informações considerando aplicações e limites dos direitos autorais em diferentes mídias digitais.,"Respeitar direitos autorais digitais é uma questão legal e ética. Compreender Creative Commons, fair use e plágio forma estudantes mais responsáveis e criativos.","BANCO DE IMAGENS LEGAL: Ao criar um projeto, a turma pesquisa no Pixabay ou Wikimedia Commons, analisa as licenças de uso e aprende a creditar corretamente os autores."
5º Ano,Cultura Digital,EF05CO10,Expressão crítica — tecnologia e sociedade,Expressar-se crítica e criativamente na compreensão das mudanças tecnológicas no mundo do trabalho e sobre a evolução da sociedade.,"Refletir sobre como a tecnologia transforma o trabalho e a sociedade desenvolve consciência crítica sobre automação, desigualdade digital e protagonismo na construção do futuro.","PROFISSÕES DO FUTURO: Pesquisam profissões que existiram, existem e podem existir por causa da tecnologia. Criam uma linha do tempo e debatem: 'a tecnologia vai criar ou destruir empregos?'"
5º Ano,Cultura Digital,EF05CO11,Adequação de tecnologias para resolver problemas,Identificar a adequação de diferentes tecnologias computacionais na resolução de problemas.,Escolher a ferramenta tecnológica mais adequada para cada situação é uma meta-habilidade computacional. Não basta saber usar tecnologia — é preciso saber quando e por que usá-la.,"CARDÁPIO DE SOLUÇÕES: Apresentam três problemas reais da escola. Para cada um, grupos propõem diferentes soluções tecnológicas e avaliam custos, benefícios e limitações."
1º ao 5º Ano,Pensamento Computacional,EF15CO01,Organização e representação da informação,"Identificar as principais formas de organizar e representar a informação de maneira estruturada (matrizes, registros, listas, grafos) ou não estruturada (números, palavras, valores verdade).","Esta habilidade consolida o percurso dos anos iniciais, integrando todas as formas de representação de dados estudadas. Compreender quando usar cada estrutura é o início do pensamento em design de sistemas.","MUSEU DAS ESTRUTURAS: Cada grupo monta uma estação sobre uma estrutura (lista, grafo, matriz, registro) com exemplos do cotidiano, exercício prático e 'passaporte' que os visitantes preenchem."
1º ao 5º Ano,Pensamento Computacional,EF15CO02,Algoritmos completos,"Construir e simular algoritmos, de forma independente ou em colaboração, que resolvam problemas simples e do cotidiano com uso de sequências, seleções condicionais e repetições.","Esta habilidade consolida as três estruturas de controle fundamentais (sequência, seleção, repetição), habilitando o estudante a expressar soluções computacionais completas para problemas reais.","HACKATHON DOS ANOS INICIAIS: Em equipes mistas (1º-5º ano), desenvolvem soluções para problemas da escola usando programação em blocos. Apresentam em feira de projetos."
1º ao 5º Ano,Pensamento Computacional,EF15CO03,Lógica computacional completa,"Realizar operações de negação, conjunção e disjunção sobre sentenças lógicas com valores 'verdadeiro' e 'falso'.","A consolidação da lógica booleana completa prepara para compreender estruturas condicionais complexas em programação, filtros em bancos de dados e análise de argumentos formais.","OLIMPÍADA LÓGICA: Competição em equipes com desafios progressivos de lógica booleana — dos mais simples (verdadeiro/falso) aos mais complexos (expressões com E, OU, NÃO combinados)."
1º ao 5º Ano,Pensamento Computacional,EF15CO04,Decomposição,Aplicar a estratégia de decomposição para resolver problemas complexos.,"A decomposição como estratégia metacognitiva é transferível para todas as áreas do conhecimento. Ao fim dos anos iniciais, o estudante deve ser capaz de aplicá-la com autonomia em situações novas.","PROJETO INTEGRADOR: A turma planeja e executa um evento escolar (feira, exposição). Usam a decomposição para listar todas as tarefas, distribuir responsabilidades e acompanhar a execução."
1º ao 5º Ano,Mundo Digital,EF15CO05,Codificação da informação completa,"Codificar a informação de diferentes formas, entendendo a importância desta codificação para o armazenamento, manipulação e transmissão em dispositivos computacionais.","Consolidar a compreensão de codificação digital integra todos os formatos e sistemas estudados (binário, ASCII, RGB). O estudante compreende que toda informação digital é fundamentalmente a mesma coisa: bits.","DECODIFICADOR UNIVERSAL: Cada grupo recebe uma mensagem em um formato diferente (binário, morse, RGB). Devem decodificar e entregar a mensagem em linguagem natural."
1º ao 5º Ano,Mundo Digital,EF15CO06,Funcionamento de dispositivos,"Conhecer os componentes básicos de dispositivos computacionais, entendendo os princípios de seu funcionamento.","Ao fim dos anos iniciais, o estudante deve ter compreensão integrada de como hardware, software e sistema operacional cooperam para executar programas.","QUIZ DO COMPUTADOR: Competição em que equipes respondem perguntas sobre componentes e funcionamento de computadores, combinando conceitos aprendidos ao longo dos anos iniciais."
1º ao 5º Ano,Mundo Digital,EF15CO07,Sistema Operacional,Conhecer o conceito de Sistema Operacional e sua importância na integração entre software e hardware.,"Consolidar o conceito de sistema operacional posiciona o estudante para compreender as diferenças entre sistemas (Windows, Linux, Android) e para entender processos como instalação de programas.","COMPARANDO SISTEMAS: A turma explora dois sistemas operacionais diferentes e documenta semelhanças, diferenças e preferências pessoais com justificativa."
1º ao 5º Ano,Cultura Digital,EF15CO08,"Tecnologia para pesquisar, acessar e criar","Reconhecer e utilizar tecnologias computacionais para pesquisar e acessar informações, expressar-se crítica e criativamente e resolver problemas.","Esta habilidade consolida pesquisa, produção e resolução de problemas em uma competência digital ampla — o 'letramento digital pleno' ao qual os anos iniciais devem conduzir.","PORTFÓLIO DIGITAL: Cada estudante organiza um portfólio digital com os projetos desenvolvidos ao longo dos anos iniciais, reflete sobre seu aprendizado e compartilha com a família."
1º ao 5º Ano,Cultura Digital,EF15CO09,Uso ético e legal da tecnologia,"Entender que as tecnologias devem ser utilizadas de maneira segura, ética e responsável, respeitando direitos autorais, de imagem e as leis vigentes.",Consolidar a ética digital ao fim dos anos iniciais estabelece valores que guiarão o uso responsável da tecnologia ao longo de toda a vida.,"CONSTITUIÇÃO DIGITAL DA TURMA: Os estudantes criam colaborativamente um 'código de ética digital' da turma, baseado em todos os valores discutidos ao longo dos anos. Assinam e afixam na sala."
6º Ano,Pensamento Computacional,EF06CO01,Programação — Classificação e tipos de dados,"Classificar informações, agrupando-as em coleções (conjuntos) e associando cada coleção a um 'tipo de dados'.","Tipos de dados (inteiro, texto, booleano, real) determinam como a informação é armazenada e manipulada. Compreender esta distinção é pré-requisito para programação formal e banco de dados.","ZOOLÓGICO DE DADOS: A turma cria fichas de animais usando Python ou planilha. Identificam quais campos são números inteiros, texto, booleano e real. Classificam e discutem erros de tipo."
6º Ano,Pensamento Computacional,EF06CO02,Programação — Algoritmos com linguagem formal,"Elaborar algoritmos que envolvam instruções sequenciais, de repetição e de seleção usando uma linguagem de programação.",Usar uma linguagem de programação formal transforma a lógica desenvolvida nos anos iniciais em artefatos computacionais reais. O estudante passa de consumidor a criador de software.,"CALCULADORA DE IMC: Em Python, os estudantes escrevem um programa que lê peso e altura, calcula o IMC e usa condicional para classificar. Testam com diferentes valores."
6º Ano,Pensamento Computacional,EF06CO03,Programação — Descrição precisa de soluções,"Descrever com precisão a solução de um problema, construindo o programa que implementa a solução descrita.",A passagem da descrição informal para o código formal exige precisão e pensamento sistemático. Esta habilidade desenvolve a capacidade de especificação — fundamental em engenharia de software.,DO PSEUDOCÓDIGO AO CÓDIGO: Os estudantes primeiro descrevem em português estruturado e depois traduzem para Python. Comparam versões e discutem a importância da precisão.
6º Ano,Pensamento Computacional,EF06CO04,Programação — Decomposição,Construir soluções de problemas usando a técnica de decomposição e automatizar tais soluções usando uma linguagem de programação.,Decompor um problema em funções/módulos é a base do desenvolvimento de software profissional. Conecta pensamento computacional à engenharia de software de forma prática.,"JOGO MODULAR: Os estudantes desenvolvem um jogo simples em partes separadas (cenário, movimentação, colisão). Cada parte é uma função. No final, integram tudo."
6º Ano,Pensamento Computacional,EF06CO05,Programação — Identificação de entradas/saídas,"Identificar os recursos ou insumos necessários (entradas) para a resolução de problemas, bem como os resultados esperados (saídas), determinando os respectivos tipos de dados.","Pensar em termos de entrada-processo-saída é um modelo mental fundamental para programação, modelagem de sistemas e análise de problemas.","MODELAGEM E-P-S: Para diferentes problemas (conversor de temperatura, calculadora de troco), os estudantes modelam entradas, processo e saídas antes de escrever qualquer código."
6º Ano,Pensamento Computacional,EF06CO06,Programação — Generalização (parâmetros),"Comparar diferentes casos particulares (instâncias) de um mesmo problema, identificando semelhanças e diferenças, e criar um algoritmo para resolver todos, fazendo uso de variáveis (parâmetros).","Generalizar soluções usando parâmetros é a transição do código específico para o código reutilizável. Fundamental para escrever funções, bibliotecas e softwares escaláveis.",FUNÇÃO MULTIUSO: Os estudantes percebem que cálculos de área para diferentes formas têm estrutura similar. Criam uma função genérica com parâmetros e testam com diferentes valores.
6º Ano,Mundo Digital,EF06CO07,Armazenamento e transmissão de dados,"Entender o processo de transmissão de dados, como a informação é quebrada em pedaços, transmitida em pacotes através de múltiplos equipamentos, e reconstruída no destino.","Compreender o protocolo de transmissão de dados (pacotes, roteamento) desmistifica a internet e explica por que às vezes conexões falham.","SIMULAÇÃO DE PACOTES: A turma divide uma mensagem em 'pacotes' (cartões). Cada aluno é um roteador e encaminha pacotes por caminhos diferentes. No destino, remontam a mensagem."
6º Ano,Mundo Digital,EF06CO08,Gestão de dados — armazenamento e recuperação,"Compreender e utilizar diferentes formas de armazenar, manipular, compactar e recuperar arquivos, documentos e metadados.",Gerenciar arquivos eficientemente é uma habilidade prática essencial. Compreender metadados prepara para entender privacidade e rastreabilidade digital.,"ORGANIZANDO O ACERVO DIGITAL: A turma recebe uma pasta caótica com arquivos. Desenvolvem um sistema de organização, renomeiam arquivos com padrão consistente e criam pastas lógicas."
6º Ano,Cultura Digital,EF06CO09,Segurança — conduta digital,"Apresentar conduta e linguagem apropriadas ao se comunicar em ambiente digital, considerando a ética e o respeito.",Netiqueta e comunicação ética online são extensões dos valores de convivência para o mundo digital. As mesmas regras de respeito se aplicam online.,"ANÁLISE DE COMENTÁRIOS: Os estudantes analisam comentários reais (anonimizados) de redes sociais. Classificam como respeitosos ou desrespeitosos, propõem versões melhoradas e debatem consequências."
6º Ano,Cultura Digital,EF06CO10,Uso de tecnologias — sustentabilidade,"Analisar o consumo de tecnologia na sociedade, compreendendo criticamente o caminho da produção dos recursos bem como aspectos ligados à obsolescência e à sustentabilidade.","O impacto ambiental da tecnologia (mineração, lixo eletrônico, consumo de energia) é urgente. Conectar computação à sustentabilidade forma cidadãos conscientes do ciclo de vida dos dispositivos.","CICLO DE VIDA DO CELULAR: Os estudantes mapeiam todo o trajeto de um smartphone (mineração, fabricação, uso, descarte). Pesquisam lixo eletrônico em Campina Grande/PB e propõem ações locais."
7º Ano,Pensamento Computacional,EF07CO01,Programação — Registros e matrizes,Criar soluções de problemas para os quais seja adequado o uso de registros e matrizes unidimensionais para descrever suas informações e automatizá-las usando uma linguagem de programação.,Registros e arrays unidimensionais são estruturas de dados fundamentais em qualquer linguagem de programação. Usá-los para resolver problemas reais consolida a capacidade de modelar dados computacionalmente.,"CADASTRO DE ALUNOS: Os estudantes criam um programa em Python que armazena nome, idade e nota de cada aluno em um registro, e usa uma lista para guardar todos. Implementam busca por nome e cálculo de média."
7º Ano,Pensamento Computacional,EF07CO02,Programação — Análise e depuração,"Analisar programas para detectar e remover erros, ampliando a confiança na sua correção.","Depurar código é uma das habilidades mais importantes de um programador. Identificar, localizar e corrigir erros forma um ciclo de melhoria contínua aplicável muito além da programação.","HOSPITAL DO CÓDIGO: A turma recebe programas com erros (bugs propositais) de três tipos: sintaxe, lógicos e de execução. Em duplas, diagnosticam e corrigem, documentando cada 'diagnóstico' e 'tratamento'."
7º Ano,Pensamento Computacional,EF07CO03,Programação — Projetos interdisciplinares,"Construir soluções computacionais de problemas de diferentes áreas do conhecimento, de forma individual e colaborativa, selecionando as estruturas de dados e técnicas adequadas.",Aplicar computação em projetos interdisciplinares demonstra a transversalidade da área e desenvolve competências colaborativas.,"PROJETO GEOCOMPUTAÇÃO: Em parceria com Geografia, os estudantes coletam dados climáticos de Campina Grande, armazenam em listas e criam visualizações simples em Python."
7º Ano,Pensamento Computacional,EF07CO04,Programação — Propriedades de grafos,Explorar propriedades básicas de grafos.,"Grafos modelam conexões (redes sociais, mapas, internet). Compreender propriedades como grau, caminho e conexidade é base para algoritmos de busca e otimização.","MAPA DE TRANSPORTE: A turma cria um grafo representando um sistema de transporte de Campina Grande (estações = nós, rotas = arestas). Analisam: qual estação é mais central? Qual é o menor caminho?"
7º Ano,Pensamento Computacional,EF07CO05,Programação — Reúso e decomposição,Criar algoritmos fazendo uso da decomposição e do reúso no processo de solução de problemas de forma colaborativa e cooperativa e automatizá-los usando uma linguagem de programação.,Reúso de código e decomposição colaborativa são práticas profissionais de engenharia de software. Trabalhar em equipe com essas estratégias prepara para projetos reais.,BIBLIOTECA DA TURMA: Cada grupo desenvolve um conjunto de funções (biblioteca) para resolver um tipo de problema. As bibliotecas são compartilhadas e usadas por outros grupos.
7º Ano,Mundo Digital,EF07CO06,Protocolos de comunicação em redes,Compreender o papel de protocolos para a transmissão de dados.,"Protocolos (TCP/IP, HTTP, HTTPS) são as 'línguas' que permitem dispositivos de fabricantes diferentes se comunicarem. Fundamentais para compreender o funcionamento da internet.","PROTOCOLO HUMANO: A turma simula comunicação via protocolo. Dois grupos trocam mensagens seguindo regras rígidas (cabeçalho, verificação de erro, confirmação). Vivenciam o que acontece quando o protocolo não é seguido."
7º Ano,Mundo Digital,EF07CO07,Segurança cibernética — identificação e proteção,Identificar problemas de segurança cibernética e experimentar formas de proteção.,"Senhas fortes, autenticação de dois fatores, phishing e malware são ameaças reais que afetam jovens. Compreendê-las e saber como se proteger é competência digital urgente.",SIMULAÇÃO DE ATAQUE E DEFESA: Metade da turma tenta 'invadir' contas fictícias usando técnicas comuns. A outra metade defende aplicando boas práticas. Debrief sobre o que funcionou.
7º Ano,Cultura Digital,EF07CO08,Empatia e opiniões divergentes online,Demonstrar empatia sobre opiniões divergentes na web.,A polarização e o discurso de ódio online exigem cultivo da empatia e do diálogo respeitoso. Conecta computação com formação socioemocional e cidadania democrática.,CÂMARA DE ECOS: Os estudantes experimentam como algoritmos criam bolhas de informação. Depois simulam conversas com perspectivas diferentes e praticam escuta ativa e argumentação respeitosa.
7º Ano,Cultura Digital,EF07CO09,Cyberbullying,Reconhecer e debater sobre cyberbullying.,"O cyberbullying afeta diretamente a faixa etária dos anos finais. Reconhecê-lo, compreender seus impactos e saber como agir é parte fundamental da cidadania digital.","TEATRO-FÓRUM DIGITAL: Encenação de situações de cyberbullying. A turma intervém propondo diferentes respostas. Discutem o papel de vítima, agressor e espectador, e os canais de denúncia disponíveis."
7º Ano,Cultura Digital,EF07CO10,Impactos ambientais da tecnologia,"Identificar os impactos ambientais do descarte de peças de computadores e eletrônicos, bem como sua relação com a sustentabilidade.",O lixo eletrônico é o tipo de resíduo que mais cresce no mundo. Compreender a composição dos dispositivos e os circuitos de descarte responsável é educação ambiental aplicada à tecnologia.,"CAMPANHA DE COLETA: A turma pesquisa pontos de coleta de lixo eletrônico em Campina Grande, cria uma campanha de conscientização e organiza uma coleta na escola."
7º Ano,Cultura Digital,EF07CO11,"Produção digital — vídeos, podcasts, sites","Criar, documentar e publicar, de forma individual ou colaborativa, produtos (vídeos, podcasts, web sites) usando recursos de tecnologia.","Produzir e publicar conteúdo digital consolida múltiplas competências: comunicação, criatividade, técnica e responsabilidade. O estudante torna-se criador e não apenas consumidor.","WEBDOC DA CIDADE: Em grupos, produzem um mini-documentário sobre um aspecto cultural, histórico ou social de Campina Grande. Publicam no canal escolar do YouTube (privado) e apresentam."
8º Ano,Pensamento Computacional,EF08CO01,Programação — Recursão,Construir soluções de problemas usando a técnica de recursão e automatizar tais soluções usando uma linguagem de programação.,"Recursão — uma função que chama a si mesma — é um paradigma poderoso para resolver problemas com estrutura repetitiva (árvores, fractais, sequências). Aprofunda o raciocínio algorítmico.","FATORIAL E FIBONACCI: Os estudantes implementam funções recursivas em Python. Visualizam a pilha de chamadas com diagramas, entendendo o que acontece 'por dentro'."
8º Ano,Pensamento Computacional,EF08CO02,Programação — Listas com recursão,"Criar soluções de problemas para os quais seja adequado o uso de listas para descrever suas informações e automatizá-las usando uma linguagem de programação, empregando ou não a recursão.","Usar listas com recursão abre caminho para estruturas como listas encadeadas e árvores. Fundamental para algoritmos de busca, ordenação e processamento de dados.","ORDENAÇÃO: Os estudantes implementam o bubble sort em Python, depois comparam com sorted() embutido. Visualizam a eficiência com listas de tamanhos diferentes e discutem complexidade."
8º Ano,Pensamento Computacional,EF08CO03,Programação — Algoritmos clássicos sobre listas,Utilizar algoritmos clássicos de manipulação sobre listas.,"Algoritmos clássicos (busca linear, busca binária, ordenação) são pilares da ciência da computação. Compreender sua lógica e eficiência é fundamental para escolher a melhor solução para cada problema.","CORRIDA DE ALGORITMOS: A turma implementa busca linear e busca binária. Comparam número de comparações com listas de 10, 100 e 1000 elementos. Plotam um gráfico e discutem Big-O intuitivamente."
8º Ano,Pensamento Computacional,EF08CO04,Programação — Projetos avançados,"Construir soluções computacionais de problemas de diferentes áreas do conhecimento, de forma individual e colaborativa, selecionando as estruturas de dados e técnicas adequadas.","Projetos interdisciplinares avançados integram múltiplos conceitos de computação com outras disciplinas, desenvolvendo competências de pesquisa, modelagem e comunicação científica.","ANÁLISE DE DADOS DA ESCOLA: Em parceria com Matemática, os estudantes coletam dados reais (frequência, notas), processam em Python com listas e geram estatísticas e gráficos para a direção."
8º Ano,Mundo Digital,EF08CO05,Sistemas distribuídos — paralelismo,"Compreender os conceitos de paralelismo, concorrência e armazenamento/processamento distribuídos.","Computação distribuída e paralela é o paradigma dominante na computação moderna (nuvem, clusters, GPUs). Contextualiza desde aplicativos simples até sistemas de inteligência artificial.","COZINHA PARALELA: A turma simula um restaurante onde cada cozinheiro (processador) prepara um prato simultaneamente. Identificam gargalos, recursos compartilhados e sincronização."
8º Ano,Mundo Digital,EF08CO06,Internet — estrutura e funcionamento,Entender como é a estrutura e funcionamento da internet.,A internet não é centralizada — é uma rede distribuída de redes. Compreender sua estrutura física e lógica desmistifica um dos maiores inventos da humanidade.,"MAPEANDO A INTERNET: Usando traceroute, os estudantes rastreiam o caminho de seus dados até diferentes servidores. Mapeiam os saltos e discutem onde estão os servidores."
8º Ano,Cultura Digital,EF08CO07,Redes sociais — segurança e ética,"Compartilhar informações por meio de redes sociais, compreendendo a sua dinâmica de funcionamento, de forma responsável e avaliando sua confiabilidade, considerando o respeito e a ética.",Redes sociais são espaços de exercício da cidadania digital. Compreender como algoritmos de recomendação funcionam e como a desinformação se propaga é essencial.,"DISSECANDO UMA REDE SOCIAL: A turma analisa o feed de uma rede social, documenta os tipos de conteúdo recomendados e discute: por que cada conteúdo aparece? Como o algoritmo aprende nossas preferências?"
8º Ano,Cultura Digital,EF08CO08,Tipos de dados pessoais em espaços digitais,Distinguir os tipos de dados pessoais que são solicitados em espaços digitais e os riscos associados.,"Dados pessoais têm diferentes níveis de sensibilidade e riscos. Saber identificá-los e protegê-los é a base da privacidade digital, direito garantido pela LGPD.","AUDITORIA DE PRIVACIDADE: Os estudantes analisam os termos de uso e permissões de 3 aplicativos que usam. Identificam quais dados são coletados, para que fins e se concordam. Produzem relatório crítico."
8º Ano,Cultura Digital,EF08CO09,Políticas de uso de plataformas digitais,Analisar criticamente as políticas de termos de uso das redes sociais e demais plataformas.,"Termos de uso são contratos que usuários aceitam sem ler. Analisá-los criticamente revela questões de privacidade, monetização de dados e responsabilidade das plataformas.","TERMOS DE USO TRADUZIDOS: Em grupos, os estudantes selecionam trechos dos termos de uso do Instagram e WhatsApp, traduzem para linguagem acessível e identificam cláusulas preocupantes."
8º Ano,Cultura Digital,EF08CO10,Segurança em ambientes virtuais,Discutir questões sobre segurança e privacidade relacionadas ao uso dos ambientes virtuais.,"Ambientes virtuais (games online, metaverso, fóruns) apresentam riscos específicos. Discuti-los prepara os adolescentes para navegar com mais consciência.","CAÇADA AO RASTRO DIGITAL: Usando ferramentas de privacidade, os estudantes comparam quais dados são coletados com e sem proteção. Debatem o que significa 'privacidade' na era digital."
8º Ano,Cultura Digital,EF08CO11,Avaliação crítica de fontes eletrônicas,"Avaliar a precisão, relevância, adequação, abrangência e vieses que ocorrem em fontes de informação eletrônica.","Avaliar fontes de informação com critérios sistemáticos é a pedra angular do letramento midiático. Protege contra desinformação, teoria de conspiração e manipulação de opinião.","FRAMEWORK SIFT: A turma aprende o método SIFT (Stop, Investigate, Find better coverage, Trace claims). Aplicam para analisar 5 notícias circulantes, classificando confiabilidade e identificando vieses."
9º Ano,Pensamento Computacional,EF09CO01,Programação — Grafos e árvores,Criar soluções de problemas para os quais seja adequado o uso de árvores e grafos para descrever suas informações e automatizá-las usando uma linguagem de programação.,Árvores e grafos são estruturas avançadas que modelam desde hierarquias organizacionais até redes neurais artificiais. Implementá-las em código conecta teoria e prática em nível pré-universitário.,"ÁRVORE GENEALÓGICA: Os estudantes modelam uma árvore genealógica usando nós em Python. Implementam funções para navegar (pai, filhos, ancestrais) e buscam o 'ancestral comum mais próximo'."
9º Ano,Pensamento Computacional,EF09CO02,Programação — Projetos avançados interdisciplinares,"Construir soluções computacionais de problemas de diferentes áreas do conhecimento, de forma individual e colaborativa, selecionando as estruturas de dados e técnicas adequadas.",Projetos avançados interdisciplinares preparam para o pensamento sistêmico necessário na universidade e no mercado de trabalho do século XXI.,"HACKATHON INTERDISCIPLINAR: Em equipes, os estudantes desenvolvem soluções para problemas reais de Campina Grande (mobilidade, saúde, educação) usando computação. Apresentam para convidados externos."
9º Ano,Pensamento Computacional,EF09CO03,Programação — Autômatos e linguagens baseadas em eventos,Usar autômatos para descrever comportamentos de forma abstrata e automatizando-os através de uma linguagem de programação baseada em eventos.,"Autômatos finitos são modelos matemáticos de comportamento sequencial — base para analisadores léxicos, protocolos de rede e interfaces de usuário.","SEMÁFORO INTELIGENTE: Os estudantes modelam um semáforo como autômato finito (estados: verde, amarelo, vermelho; transições: tempo, sensor). Implementam em Python e simulam variações."
9º Ano,Mundo Digital,EF09CO04,Segurança cibernética — malwares,Compreender o funcionamento de malwares e outros ataques cibernéticos.,"Vírus, ransomware, phishing e ataques de negação de serviço são ameaças reais. Compreender como funcionam é o primeiro passo para se proteger.","MUSEU DOS MALWARES: Cada grupo pesquisa um tipo de malware famoso (WannaCry, Stuxnet, etc.), analisa como funcionava e como foi combatido. Criam infográficos e apresentam como 'especialistas em segurança'."
9º Ano,Mundo Digital,EF09CO05,Segurança cibernética — criptografia,Analisar técnicas de criptografia para armazenamento e transmissão de dados.,"Criptografia protege desde mensagens pessoais até transações bancárias. Compreender os princípios de chave simétrica, assimétrica e hash desenvolve intuição para avaliar a segurança de sistemas digitais.","QUEBRANDO E PROTEGENDO MENSAGENS: Os estudantes experimentam cifras históricas (César, Vigenère) e as comparam com AES moderno. Implementam uma cifra simples em Python e discutem por que cifras antigas são inseguras."
9º Ano,Cultura Digital,EF09CO06,Tecnologia e problemas sociais — cidade digital,"Analisar problemas sociais de sua cidade e estado a partir de ambientes digitais, propondo soluções.","Usar dados e ambientes digitais para analisar e propor soluções para problemas locais é a convergência de computação, cidadania e pensamento crítico.",APP PARA CAMPINA GRANDE: Os estudantes mapeiam um problema real da cidade usando dados abertos. Prototipam um aplicativo ou serviço digital como solução. Apresentam à Câmara Municipal (ou simulam).
9º Ano,Cultura Digital,EF09CO07,Implicações políticas e socioambientais das tecnologias,"Avaliar aplicações e implicações políticas, socioambientais e culturais das tecnologias digitais para propor alternativas aos desafios do mundo contemporâneo, incluindo aqueles relativos ao mundo do trabalho.","IA, automação e vigilância digital têm implicações políticas e sociais profundas. Avaliar essas implicações criticamente é exercício de cidadania ativa e pensamento complexo.","DEBATE SOBRE IA E TRABALHO: Com base em pesquisa prévia, a turma debate posições sobre automação. Discutem renda básica universal, requalificação e regulação de IA. Produzem manifesto coletivo."
9º Ano,Cultura Digital,EF09CO08,Distribuição desigual de recursos computacionais,"Discutir como a distribuição desigual de recursos de computação em uma economia global levanta questões de equidade, acesso e poder.",A desigualdade digital é extensão das desigualdades socioeconômicas. Discutir quem tem acesso à computação de ponta conecta a educação tecnológica à justiça social.,"MAPA DA DESIGUALDADE DIGITAL: Usando dados do IBGE e relatórios internacionais, os estudantes mapeiam o acesso à internet no Brasil por região, renda e raça. Comparam com outros países e discutem políticas de inclusão."
9º Ano,Cultura Digital,EF09CO09,Autoria em meio digital — ética,"Criar ou utilizar conteúdo em meio digital, compreendendo questões éticas relacionadas a direitos autorais e de uso de imagem.","Na era dos deepfakes e da IA generativa, compreender autoria, consentimento e direitos de imagem é urgente. Protege e capacita os estudantes como criadores e consumidores de conteúdo digital.",CRIAÇÃO RESPONSÁVEL COM IA: Os estudantes usam ferramentas de IA generativa para criar conteúdo. Discutem: quem é o autor? Como citar? Criam um guia ético de uso de IA na escola.
9º Ano,Cultura Digital,EF09CO10,Qualidade da informação — avaliação multidimensional,"Avaliar a veracidade, credibilidade e relevância da informação em seus diferentes formatos, sendo capaz de identificar o propósito pelo qual foi disseminada.",Avaliar informação de forma multidimensional é a competência mais crítica para a participação democrática na era digital. Vai além de detectar fake news — é pensar sobre epistemologia.,"LABORATÓRIO DE MÍDIA: Os estudantes analisam o mesmo evento a partir de 5 fontes diferentes (jornal, portal, rede social, YouTube, podcast). Comparam como cada formato molda a percepção do fato."
6º ao 9º Ano,Pensamento Computacional,EF69CO01,Classificação e tipos de dados (consolidado),"Classificar informações, agrupando-as em coleções (conjuntos) e associando cada coleção a um 'tipo de dado'.",A consolidação de tipos de dados prepara o estudante para linguagens fortemente tipadas e para a modelagem de bancos de dados — competências fundamentais para carreiras em tecnologia.,"MODELAGEM DE BANCO DE DADOS: Os estudantes projetam um banco de dados para a biblioteca escolar, definindo tabelas, campos e tipos. Implementam em SQLite e fazem consultas básicas."
6º ao 9º Ano,Pensamento Computacional,EF69CO02,Algoritmos completos com linguagem formal (consolidado),"Elaborar algoritmos que envolvam instruções sequenciais, de repetição e de seleção usando uma linguagem de programação.","A consolidação do domínio de estruturas de controle posiciona o estudante para o Ensino Médio com base sólida em programação, independentemente da linguagem específica.","PORTFÓLIO DE ALGORITMOS: Cada estudante compila os melhores programas dos anos finais, documenta, refatora e apresenta como portfólio para avaliação e compartilhamento."
6º ao 9º Ano,Pensamento Computacional,EF69CO03,Descrição precisa de soluções (consolidado),"Descrever com precisão a solução de um problema, construindo o programa que implementa a solução descrita.",A precisão na especificação reforça que a etapa de análise e design é tão importante quanto a codificação.,"ESPECIFICAÇÃO TÉCNICA: Os estudantes escolhem um problema real e produzem especificação completa (requisitos, pseudocódigo, testes) antes de codificar. Revisam especificações uns dos outros."
6º ao 9º Ano,Pensamento Computacional,EF69CO04,Decomposição para solução e automação (consolidado),Construir soluções de problemas usando a técnica de decomposição e automatizar tais soluções usando uma linguagem de programação.,A decomposição sistemática distingue programadores iniciantes de profissionais. Consolidá-la ao fim dos anos finais é um marco formativo crucial.,SISTEMA INTEGRADO: Os estudantes desenvolvem um sistema maior (gerenciador de eventos escolar) dividido em módulos. Cada grupo desenvolve um módulo e a turma integra ao final.
6º ao 9º Ano,Pensamento Computacional,EF69CO05,Identificação de entradas e saídas (consolidado),"Identificar os recursos ou insumos necessários para a resolução de problemas, bem como os resultados esperados.","Pensar sistematicamente em entradas, processo e saídas é um modelo mental transferível para análise de sistemas de qualquer natureza.","ANÁLISE DE SISTEMAS REAIS: Os estudantes analisam sistemas reais da cidade (semáforos, app de transporte) identificando entradas, processamento e saídas. Propõem melhorias documentadas."
6º ao 9º Ano,Pensamento Computacional,EF69CO06,Generalização — parâmetros e variáveis (consolidado),"Comparar diferentes casos particulares de um mesmo problema e criar um algoritmo para resolver todos, fazendo uso de variáveis.",Escrever código que funcione para qualquer caso é a essência da abstração computacional e o que torna o software reutilizável e escalável.,API DA TURMA: Os estudantes criam funções genéricas (uma 'API' interna) que outros grupos podem usar. Documentam as funções com exemplos de uso e testam com casos de borda.
6º ao 9º Ano,Mundo Digital,EF69CO07,Armazenamento e transmissão de dados (consolidado),Entender o processo de transmissão de dados.,"A consolidação integra conceitos de protocolos, criptografia e segurança, completando a compreensão da infraestrutura sobre a qual toda a vida digital acontece.","PROJETO DE REDE SEGURA: Os estudantes projetam uma rede escolar segura fictícia, especificando protocolos, criptografia, firewall e políticas de acesso. Apresentam como consultores de TI."
6º ao 9º Ano,Mundo Digital,EF69CO08,Gestão de dados avançada (consolidado),"Compreender e utilizar diferentes formas de armazenar, manipular, compactar e recuperar arquivos, documentos e metadados.","A gestão eficiente de dados digitais é competência profissional e pessoal. Consolidar inclui compreender bancos de dados, backup e metadados.","SISTEMA DE GERENCIAMENTO: Os estudantes criam scripts Python para organizar arquivos automaticamente por tipo, data e tamanho."
6º ao 9º Ano,Mundo Digital,EF69CO09,Sistemas distribuídos (consolidado),"Compreender os conceitos de paralelismo, concorrência e armazenamento/processamento distribuídos.","Consolidar computação distribuída posiciona o estudante para compreender tecnologias emergentes como blockchain, computação em nuvem e IA distribuída.",SIMULADOR DE NUVEM: Os estudantes simulam um sistema de computação em nuvem usando múltiplos computadores conectados em rede. Distribuem tarefas e analisam ganhos de desempenho.
6º ao 9º Ano,Mundo Digital,EF69CO10,Internet — estrutura e funcionamento (consolidado),Entender como é a estrutura e funcionamento da internet.,A compreensão consolidada da internet — desde a infraestrutura física até os protocolos de aplicação — completa o letramento sobre o ambiente digital em que vivemos.,"APRESENTAÇÃO TÉCNICA: Cada grupo apresenta uma camada do modelo OSI com demonstração prática, formando juntos uma explicação completa da internet."
6º ao 9º Ano,Cultura Digital,EF69CO11,Conduta e linguagem digital (consolidado),"Apresentar conduta e linguagem apropriadas ao se comunicar em ambiente digital, considerando a ética e o respeito.",Consolidar a ética digital garante que o estudante chegue ao Ensino Médio e à vida adulta com valores sólidos de cidadania digital.,MANIFESTO DIGITAL: A turma produz um manifesto de ética digital para toda a escola. Apresenta e propõe que seja adotado como código de conduta institucional.
6º ao 9º Ano,Cultura Digital,EF69CO12,Sustentabilidade e tecnologia (consolidado),"Analisar o consumo de tecnologia na sociedade, compreendendo criticamente aspectos ligados à obsolescência e à sustentabilidade.",Consolidar a visão crítica sobre o ciclo de vida da tecnologia forma consumidores conscientes e futuros profissionais comprometidos com o desenvolvimento sustentável.,"PROJETO DE ECONOMIA CIRCULAR: Os estudantes desenvolvem um plano de economia circular para tecnologia na escola (reparo, reúso, reciclagem). Calculam impacto ambiental e apresentam à gestão."